File_Path,SHA256_Hash
/etc/.updated,9354f26a3462f87e85991f8ec823f4b19828af673634f32214cc5eb5023cd77d
/etc/X11/Xsession.d/20dbus_xdg-runtime,e45b6b10b82bd4670f2e09a6ce3d7d9cdb2dd465ba51831ba1c9342bf0591190
/etc/adduser.conf,854e57e61a6592500fae89e9224faed4ea7299918fcd1786d2ef1494bfca44e8
/etc/alternatives/README,a44afdb50eacfc09e45f6dac1e18ae231c179feec633c106e1060bae8ae11df1
/etc/apparmor.d/1password,022d73b67bcd43d59dc45edabe5e478560b69575a5019344e28778f599a106ea
/etc/apparmor.d/Discord,9f0193936c82a661bdce0e76e96bf0815026523bb73863ab22e65e0804a6bcfa
/etc/apparmor.d/MongoDB_Compass,464735b26bce21f0e6484852e61b39011394381a9b3079b3d8735c1bb82babe7
/etc/apparmor.d/QtWebEngineProcess,d67ace181194517324f5969e7e76e59cbebfb72d74b3ae9e6de1cd8667e9d185
/etc/apparmor.d/Xorg,5d078d20a0b5ed076a475b64a1f05efe944643ee5d6144c7811c491bd86cae55
/etc/apparmor.d/abi/3.0,a786a2fde512336f885805b557b0fc4df6e0c2e21e336bba8d6f9b3c8d637a66
/etc/apparmor.d/abi/4.0,e510bb8f6788b45e48de2f859a6f94a7b8416cbac5a1051814cfce925fa911bd
/etc/apparmor.d/abi/kernel-5.4-outoftree-network,10f5c1711820f28ba7382fffb568a8f941bde81fe769e86a6069d9128c882e16
/etc/apparmor.d/abi/kernel-5.4-vanilla,8cea5b34aaa543b4a5e84ac957008fb77f216e920c27a4d7cf6ed4e0080a736e
/etc/apparmor.d/abstractions/X,a898e6fceacf6308940f7a65152b58c81ecfd830b2b8ae09c9c676a272d7ce46
/etc/apparmor.d/abstractions/apache2-common,8be28bfa6b90ffbd04e8dbf6556f807c4460bff660552cb25b8f65614bd6275f
/etc/apparmor.d/abstractions/apparmor_api/change_profile,5bd09e8bd5f82ae22de30e36734e6c00e1f1319fd4994a82a0dda992b54b5f3c
/etc/apparmor.d/abstractions/apparmor_api/examine,5dbf0f4b5a64a118144965cc594cc40d08b63b76264336655836a01558803728
/etc/apparmor.d/abstractions/apparmor_api/find_mountpoint,0e58f893f28df65479335e379c0f6abaed548ce9ddbd73fd6329a0d7da8982d9
/etc/apparmor.d/abstractions/apparmor_api/introspect,18370741c9ed5cd4cd389de1657fa65ce3cacdda80df52fdd327c9d3535afbd4
/etc/apparmor.d/abstractions/apparmor_api/is_enabled,5c55c29bef9c53cf5fa125bf813092bce83e9c4661741b165573ffdbcb26d9f2
/etc/apparmor.d/abstractions/aspell,6c72a9d6ed30df5177e41110b47bac1fb494d8a1cb2cc6dc6d28144518539224
/etc/apparmor.d/abstractions/audio,467809ab611ea234d5254de63b6f2965015e9e0fa6245d1f8ae36a0eefc4dfea
/etc/apparmor.d/abstractions/authentication,dba4afdc27c22d6c298b59f85034ba4de434a9221cbfd08a68a6b6b03f5d58cc
/etc/apparmor.d/abstractions/base,e4aee3edfe06b19e3fa8ecbebcaaaf89fc6d560aa180f6df99a8c8a03cde491c
/etc/apparmor.d/abstractions/bash,d28b91d8a84b5e179f65925d1bf65d4bdd09ba8f745bb1e99aad079b2b24f8a6
/etc/apparmor.d/abstractions/consoles,e19ba1dc743bbbb07540df9dd9b607b0b68d51d6b398d05808d12cc41560e12c
/etc/apparmor.d/abstractions/crypto,40f5b40b043144fa6d5af50a57967115f36bea47c9fa27f6d4e5b00716298c40
/etc/apparmor.d/abstractions/cups-client,df43b59fae2d406ce53ea7dbb823fd31654ad2482a9e25747b5893257bb6edb9
/etc/apparmor.d/abstractions/dbus,c5efa19e1d34575ce9929e91a4789dccfecb3a02bc7ab647842f2a95ad100408
/etc/apparmor.d/abstractions/dbus-accessibility,c957bb3f5f0f6483dc07b6b6348ba541736365f4e7cb0ab3045320344c4ef9e9
/etc/apparmor.d/abstractions/dbus-accessibility-strict,07456d4dd3580f40fca348f3158cc2adcf938f9751c463db386c79ad82e64318
/etc/apparmor.d/abstractions/dbus-network-manager-strict,29105c359ca7e30521197c41d7c78fa8b7333f3d888513e52331f99d747036a6
/etc/apparmor.d/abstractions/dbus-session,76f27a50620a28b2502388a2316c2c77a8a7a182739afd6bb62161eca4f9dd58
/etc/apparmor.d/abstractions/dbus-session-strict,0f3136d2ee3ba149697bc86b586822ae6b34ff0c23cf235636a7b71b633aba35
/etc/apparmor.d/abstractions/dbus-strict,1c6023fa3ab21b9792a513161869ac8209de9ad1b34cc7fcba2c02dd6b1c3a89
/etc/apparmor.d/abstractions/dconf,8bca2e9c6702851fc4d0fcfaa41f9d4ea557ca615a228ffc098bd7a8d5d56d3b
/etc/apparmor.d/abstractions/devices-usb,84c656a191479bc5d02f630538f0b1b70134ae4abcb016d7df44e90b31b6302b
/etc/apparmor.d/abstractions/devices-usb-read,16211bc603c33afea4a44d441fe11161b9a01097c8f82212a73cdee8d35a2458
/etc/apparmor.d/abstractions/dovecot-common,3887dffb598ca0359df5be532f6ace8b449361104745b3d1cd433f43dfd64dc9
/etc/apparmor.d/abstractions/dri-common,3ed180295557bd99d33972cdd125577652a6f45e28b36b1022a9b053d51f91da
/etc/apparmor.d/abstractions/dri-enumerate,30fbf53bf955d2492a2cf0145a2f2480c7a27818f5b79e4fa48579f3969d2ad2
/etc/apparmor.d/abstractions/enchant,862da5eb748b6093ea2e743a857d3b6b157c4b03e630c12f386bfce0316533ec
/etc/apparmor.d/abstractions/exo-open,8ee67f074ed6f701519b70b07094c4e553e716d8ea2a7fe67035b95074b480af
/etc/apparmor.d/abstractions/fcitx,1bec12682aad2b75defd45da624e4e1d83b527a23ccf34609dc774d73dbee918
/etc/apparmor.d/abstractions/fcitx-strict,11a1f7fd0e227d8d09177351fa6b4597499d2f738bcbadbd9e83fa0d9da1ce6e
/etc/apparmor.d/abstractions/fonts,2d37951f12e1c95b4e2e57fca8628801c1fa877c8b1e26cd7f9964b1afdf8fb7
/etc/apparmor.d/abstractions/freedesktop.org,715675a317692d0164f91140f9dbabbf225faa5beabe48f1c485e608c45e1b43
/etc/apparmor.d/abstractions/gio-open,95e37a88e6f01a07bc653c1980ced7b6494c8e12e4f23c9868121660592c8faa
/etc/apparmor.d/abstractions/gnome,93521c5a3b84608143d96b278ab083392bd83ba96e0cbbedd89a8ec8f39a35bd
/etc/apparmor.d/abstractions/gnupg,a9b845d3f1bbe52c2186f82f25f129699c8f6f737bc98130cd949c25d9cdd2a9
/etc/apparmor.d/abstractions/groff,f8e4b47c6929fdf10311c94eca24440ecc8ee874f524d152e25d143b71e26d49
/etc/apparmor.d/abstractions/gtk,c0765491f52c2478b21dbd284450d660e211bf486e01b9d7038404203f5419cd
/etc/apparmor.d/abstractions/gvfs-open,be69d1dec6f96c6cd688ec5cd5bb6a1be38bd17412104f636eb128ff4416312b
/etc/apparmor.d/abstractions/hosts_access,810d5b18a1ccf4bb75571fcba17b4f8960382104c76341132453ff7966e9d367
/etc/apparmor.d/abstractions/ibus,74ca7079c45577cea6506fda7216464906ee28f8d2449e2d545e2f19034ba2d9
/etc/apparmor.d/abstractions/kde,c530095dc6381f28da3d99c492ff5644205e29561afc4af419cf3bc51ba857e9
/etc/apparmor.d/abstractions/kde-globals-write,d7ef75a787013341841aad9a7c545f54d5f6b9ba22bb381f1ea3013bd735fb75
/etc/apparmor.d/abstractions/kde-icon-cache-write,6142b0d50b828911e52546cceb4d5707027e469b49de14845c98b4fe4d20ff6f
/etc/apparmor.d/abstractions/kde-language-write,307a0159af7380efb699d1afdc4cabebce6b474baf0bbc1e38db55b899ee2d8a
/etc/apparmor.d/abstractions/kde-open5,45ccbd31ba0c95a96e45592f3102fc298803e7e7b64545b6d8b3b980c8554075
/etc/apparmor.d/abstractions/kerberosclient,20a69d2b402a5670e2a43e9648bafecec6919288c921665f083a7571a0f6c5f3
/etc/apparmor.d/abstractions/ldapclient,8f89e367342affc5b096390886aacef98ca02af6e8472018485d0bee66452e71
/etc/apparmor.d/abstractions/libpam-systemd,852dcbf6b03198052f685f52b3413ad655e92be9b1c2aa4b34a168fb9bd8e69e
/etc/apparmor.d/abstractions/likewise,ec7a4c5c6310e15350dbb15bab345afab3ad9f01dbbca9185c56ffa6c8be3938
/etc/apparmor.d/abstractions/mdns,f8b039ce5ebed7dbffdce062f6c1a9306d4946cca0a647d310643c491ec5628e
/etc/apparmor.d/abstractions/mesa,9714890980e66bbdf8223a3b129e8b6f0bba6a5afc8a4f3fee14f1c0da04c51e
/etc/apparmor.d/abstractions/mir,50838c8f1efdf619c07eb5405e718cda7b6c72f0b5a9806c5bce6490331b9b0c
/etc/apparmor.d/abstractions/mozc,9387c7159625fa8e6e5240d21ad73d037c38cd0d206233ee5a7657f62a6d7f45
/etc/apparmor.d/abstractions/mysql,3ec6402c24af4017b28dcbcb5f68608051ea36853b712b69ba4b103e2a77e19c
/etc/apparmor.d/abstractions/nameservice,c71d5ab38539dea932b00e3bccdc6c3f4e8e215c45c0d3ee4b131244887e8f36
/etc/apparmor.d/abstractions/nameservice-strict,6b895eea6799d25cfef0e334d31092724b0f7c2c221e5c9178f6f6620f8b2d91
/etc/apparmor.d/abstractions/nis,920b31479a4b735b1a416790692c481829a7ba2aa20355d33a292bb56d12db05
/etc/apparmor.d/abstractions/nss-systemd,3c3a8615b2023b47643f8864d0cf3a55fd4088fe45c0342d46d03944b2f36005
/etc/apparmor.d/abstractions/nvidia,68c3ece6a6cdc69f369555a3793224e257dffdaeab8f66d19361bbad7428845d
/etc/apparmor.d/abstractions/opencl,871388bfa981e20affb2865fca78ef11ee41e1bd142a0f109bfc811a8e39bea2
/etc/apparmor.d/abstractions/opencl-common,cb42aa1eb48e13fa7c9d12a9e824b393137165b444fa945a6121103ec328c141
/etc/apparmor.d/abstractions/opencl-intel,bb8bd31c6b5303bdeafced1fc0a92f27f791e105b8ed5dd894121a259a02f8b2
/etc/apparmor.d/abstractions/opencl-mesa,d13e8726d5db1a9faf3c3b3a77842a1d3fbc8e6ad735c9bf31a50f5e98761bc1
/etc/apparmor.d/abstractions/opencl-nvidia,cf6c2dab5ad4c68282e3c4c27cc1a3c825826ea993b8947e328327af1bdc993f
/etc/apparmor.d/abstractions/opencl-pocl,942258417ee3e2329a907deb1004b6a15c58409155d7b7848970c25e01482acd
/etc/apparmor.d/abstractions/openssl,d4622d9de854fd68e870232aad98d4491e7e401cf9fb833566d3b28b16b4bf66
/etc/apparmor.d/abstractions/orbit2,9aa13e158a0c1e75ff7f3869572435e96f467f07f01b1f0b89f0247190bef846
/etc/apparmor.d/abstractions/p11-kit,88973776c6d126acf1f173530ddf46b3c379cc4068d7d5eec08e40dae922ccd5
/etc/apparmor.d/abstractions/perl,e9278e87f0d52b5d3a47634fd80fbecbebd73b1f6f920bfcf1411ee3bc7037f8
/etc/apparmor.d/abstractions/php,9b9e5348a43ba71ff8e3a4a408252c8278bb711f7028c2de6944ee66f7a1aa8d
/etc/apparmor.d/abstractions/php-worker,99a120bacdafd9096fcbea7e40cd41fb50fec6d5dc149e4d5eb2b5524227fc5c
/etc/apparmor.d/abstractions/php5,9961890a6efc3fa27d5cda50006a0f135a7520c20878147ade5d51dcc5fe6318
/etc/apparmor.d/abstractions/postfix-common,c498ba9c24065a2d3f0cd85c8dc4de12edaaf31b323f21b519af9c9f7a0a4015
/etc/apparmor.d/abstractions/private-files,4db3f1fe1e1e732672231fe2b08ce1d4494705083cbb4d447cf7490a004f3911
/etc/apparmor.d/abstractions/private-files-strict,90131146c41f69c12bc7df9eb6e2933eb2443d8cee8aaa945a7126aba3666c54
/etc/apparmor.d/abstractions/python,bb76356b4eb80e0f293a3fec2201abf82864487ef98d1128dee5e3316c1915c9
/etc/apparmor.d/abstractions/qt5,7648157600edb83ed30eeb62f69a93b414362947eb363b8e9c295863cbfc5fc0
/etc/apparmor.d/abstractions/qt5-compose-cache-write,33a05390f240fe367bad3de4546d49e68d12b0d38d7f0270501d5075f878352e
/etc/apparmor.d/abstractions/qt5-settings-write,d258ba488fd1fe831715da16950e54dbfb7fcbd17c068630a1232ec99afe5f84
/etc/apparmor.d/abstractions/qt6,ddf5b2a3db183b20d504022442d071a4be23e4bba68f75a8b79d1197749805e0
/etc/apparmor.d/abstractions/qt6-compose-cache-write,91f781d24c7a1e18ff197a8dad7a13dbd3df07feff28da1fcaa8c91ff0027a75
/etc/apparmor.d/abstractions/qt6-settings-write,f0d6368533c44fec55b96f2c3875752dbdd53cf813ab504a55d7edecae7a1c16
/etc/apparmor.d/abstractions/recent-documents-write,819db6a265796deb9e7ef758d8f240f789a3729b7c47ec4018d6b65e75c39e4c
/etc/apparmor.d/abstractions/ruby,6d34c573b266973e801c8625e72a7bebbabde2b320a06db875822fc7a7e47549
/etc/apparmor.d/abstractions/samba,45c5a1c2f3584863ace842dc5cdac21560f4cfa0ad9d890fa9961a840c9e60a8
/etc/apparmor.d/abstractions/samba-rpcd,236e1267f45a37b2f0a4ba2a831a756ba758f4fbead65289ba27b323ecd5a3db
/etc/apparmor.d/abstractions/smbpass,69418ee2fcacf00cb5056139219d2ec8ea44c9122749e1405681b0b7c15e65db
/etc/apparmor.d/abstractions/snap_browsers,cca6f74e62f0cedefbe930e503558dbe508575158aa8d95248c14ec1f985cb6e
/etc/apparmor.d/abstractions/ssl_certs,719005856dd42c37fbcd4305962d44e9a4f0dc4fcf55ba806d45023ec50f583f
/etc/apparmor.d/abstractions/ssl_keys,dfc5529bb135c0b1ee476b0f2eedc104adf4907568acac5747c01a1c75d4171d
/etc/apparmor.d/abstractions/svn-repositories,82fdced3c8237f50422483937cbc33eee47d47a9e07fc5d6c2989784a02f6c56
/etc/apparmor.d/abstractions/terminfo,52888c57f0d04b9a883cc5faeca7b678928a469843192dc84175ef770c1c26f9
/etc/apparmor.d/abstractions/transmission-common,877e490ab38b7f7e730d481cba9c36855e03f329df84d784463367aece465b2f
/etc/apparmor.d/abstractions/trash,8e32d35700a1d0634fb9741eae8a15deebb6379da5f7695fef74cee5f464a6f5
/etc/apparmor.d/abstractions/ubuntu-bittorrent-clients,cfcd8c5ea80f197308262920b046c0eacadbde0e0ffa09e3f3786c8a37dfa646
/etc/apparmor.d/abstractions/ubuntu-browsers,4f1dd0e1760cf12e7cf54d8a33c261864b8e7b06ae1f499cd3d204dc0d3fe011
/etc/apparmor.d/abstractions/ubuntu-browsers.d/java,3bb4623e999cf00d2fd3f62a0b0da0cf15a714ebc72caf5a744aa4bb8b4e4fdc
/etc/apparmor.d/abstractions/ubuntu-browsers.d/kde,6ceb23ffdb0d429e7455b32e15f5502c95ffcadd665e2ce18edf38ca6a8b26cf
/etc/apparmor.d/abstractions/ubuntu-browsers.d/mailto,2cdbcd8e473f9a32ed20ac584123375e2c601e390f304dc2f2eaa8613580fbe2
/etc/apparmor.d/abstractions/ubuntu-browsers.d/multimedia,9d36967d575de7d6650e6481a391918acfa8402e37385fa7527dd62dfd68b897
/etc/apparmor.d/abstractions/ubuntu-browsers.d/plugins-common,d7ad088309258b61726fd37a0135f6cc2977acfa8b57459ac3ae13a1aafc32cb
/etc/apparmor.d/abstractions/ubuntu-browsers.d/productivity,6fc1df929417d5323ec87809e645878300f1858b527b15632c520c4178f3c050
/etc/apparmor.d/abstractions/ubuntu-browsers.d/text-editors,07e87c1f02416a9cdad1ce307604bbaa03c24c8322bb114a8c583636fbe576ce
/etc/apparmor.d/abstractions/ubuntu-browsers.d/ubuntu-integration,814319542afee91a01eaaf088673a01ff4e95888d74456ea0ffc9e1831f26c93
/etc/apparmor.d/abstractions/ubuntu-browsers.d/ubuntu-integration-xul,a742bb65d2369c9ac2211d45fb4b4e2d9e14d24e7675df3b23ba612e40b06ab9
/etc/apparmor.d/abstractions/ubuntu-browsers.d/user-files,bec54a42de877fa54b4bc54f82a8c3e255d846c970c494d09e0dee84b3c4d4c3
/etc/apparmor.d/abstractions/ubuntu-console-browsers,24f3a9844a736feffae4cdd3d74bb2b5951e4a6f280488ca33cbe7179880f088
/etc/apparmor.d/abstractions/ubuntu-console-email,34403377752015953b2b05d1c24592aec42529042ebd175bf13cfd3d3aec86c0
/etc/apparmor.d/abstractions/ubuntu-email,9f0750fb2c96503db95dd8116b563fa99746c65c01fd9bd1ab07068942100ac4
/etc/apparmor.d/abstractions/ubuntu-feed-readers,b8166a01c251ab266c302f37c9fc7eba55240f55eecb489387ea4c14cab00a0f
/etc/apparmor.d/abstractions/ubuntu-gnome-terminal,239ada73f2688ecfa7946bb407ca4405242e41ca02f8c9b6d7fd2514c9789f90
/etc/apparmor.d/abstractions/ubuntu-helpers,626c11bfacad6321fa5d181484f63ec6b66533822c6b4a181ce4eff7a619bc3e
/etc/apparmor.d/abstractions/ubuntu-konsole,d3c056cfec0c70ae6f42442c5da0e52b1f7dcc849f62a40c5167d3c26eaa3d9f
/etc/apparmor.d/abstractions/ubuntu-media-players,900ebc52d8e7bb2fa585e5e09d0c2fcf148303916fda6636794d683c8a01dbd3
/etc/apparmor.d/abstractions/ubuntu-unity7-base,922ae5d452d4c322a4fc3f8d43bf15cffb27ba7a450d90fa70d3043cf33f371a
/etc/apparmor.d/abstractions/ubuntu-unity7-launcher,b3423aa3cf33dcbf0f2f2d949d89c34b60f3713fae08dee5c6c55093075bdcab
/etc/apparmor.d/abstractions/ubuntu-unity7-messaging,9522318b7703350820e4253b9908d0d158142f22f48051f38dd19cfd4004011f
/etc/apparmor.d/abstractions/ubuntu-xterm,0ed002e405f30d10f216c020cac6c79e2120cf92ad778f4283ea0ddf48ded4b8
/etc/apparmor.d/abstractions/user-download,ffdf6246d8740b9fcd339fc2c38c35ce96bdf3b1589bcc84be8a6360dff99e2c
/etc/apparmor.d/abstractions/user-mail,cd4661ae9673ceee7c0ab4a895fec0e67e65cb3095bf26c034d9e01fb32fd221
/etc/apparmor.d/abstractions/user-manpages,db601eb07c4c35273678dfe301d0103d584a254d8a572585d261c80d038f9288
/etc/apparmor.d/abstractions/user-tmp,167c651bfae8e979dc2435624e7b7b2656700ea50d440c9b1242d4c78e682553
/etc/apparmor.d/abstractions/user-write,e41012d425b312eedde3354c231df17702bdf5dccc3cc5ee15f4096d4d589411
/etc/apparmor.d/abstractions/video,3ead03bae55e477977279863c9f3b2b4d5054065ec006c6373e13578cb2ad1df
/etc/apparmor.d/abstractions/vulkan,c77471b6546e6831c3b31ae2464bac49eb124ce44a690a27e3169cb32833e46f
/etc/apparmor.d/abstractions/wayland,97572a7ab4c2cd16400960acd0f2685d22a00dfea934ce701a1dd6bcb3b17d59
/etc/apparmor.d/abstractions/web-data,d637d20de1aa74a4a41f1877af158d0a5edf85c01529bfca259c1bb5e941fce0
/etc/apparmor.d/abstractions/winbind,7b8d0d4be6b424813feb37b119243cb125837acad63941386e1f9dda6f2ee704
/etc/apparmor.d/abstractions/wutmp,d2c5ceee84ae89d2d46a17d2ede157fe408f69bcaa45d8b0b2db3a048a3855a1
/etc/apparmor.d/abstractions/xad,668ce6f31870224c95193eaf999082bb898df56deee9ce8187fcfdb234e65bab
/etc/apparmor.d/abstractions/xdg-desktop,b0d091fc936122cfd5935cf7ae5d55c89e157bcac6babd9b48fb54603eb8312f
/etc/apparmor.d/abstractions/xdg-open,c1fdaa5916001f7a92a276efa05d37d3945ffd768536622e2eadda6368b486dd
/etc/apparmor.d/balena-etcher,1d9368cc563ec187b28b7ae8ba60134070264cb46c4eb2bde52d069df085f300
/etc/apparmor.d/brave,eebe51af71198110e28a5257155e49ab3f605123a0801cf31ceda5d605d39e38
/etc/apparmor.d/buildah,0a33a10c7a6f9e0c20142e846d0ed180231719b58357330afc310785926eb5e7
/etc/apparmor.d/busybox,a5400571e06d7a14426826d7bc1c99171d149cc32f54b375769497cd2ba07e62
/etc/apparmor.d/cam,ee77ef109bc454260ec3060ade62c03a16d51e1e8fe8424327445f371d07d827
/etc/apparmor.d/ch-checkns,f8edbc87d5d2194bb3aad0a3097777f6de85e2f02a3ed47c2c14c110028e286e
/etc/apparmor.d/ch-run,878b4558789115665ea7656564efa6958168be4fe22802fce7b1b0b977043d1b
/etc/apparmor.d/chrome,9da127c4af5d1639aa4102387a29a04548299a832c5f9e803a6b0c2cfb79ef76
/etc/apparmor.d/chromium,d698c2d935f1e7fa4824b5a99b61ce42b1864a93706799e038150a4b5043c185
/etc/apparmor.d/code,9fd4a3cc5f3bf64aefbed6ff4cab30fd60563d655ae2896197f152d07b726e9a
/etc/apparmor.d/crun,bda038f71140a5196c48112b0e73ba91d761245bf3eb2445357b7250c56d3511
/etc/apparmor.d/devhelp,d50b5f99200076f4f8d663816924a8bee1335213df0675eebc85ffcf3c507029
/etc/apparmor.d/element-desktop,a08cf4b246e56ec9ea7e1606935e87ecfd98b8516da334e58ff6ccc7c2f43a62
/etc/apparmor.d/epiphany,5251e560340781565cb97ab49f38e3952baaf26cd3fdc0d5f0de2bed32e40264
/etc/apparmor.d/evolution,7712cbee87dc8ca995e394e533a9f5d3d97215d14fdc1e0aae541d8fabd7b2b7
/etc/apparmor.d/firefox,e58d09fe9e3032daadaa4dc423beffa402d7618183a4f186c4300cd8770df384
/etc/apparmor.d/flatpak,11b8a9f19702fe3f68bb553e5de88a891f20c500ff4e62114260eaee28955a93
/etc/apparmor.d/foliate,e718e0623ddb2fc175c61c4a46f184adef8221bb6381524e8893cc449caa8c5b
/etc/apparmor.d/geary,06b5b5927cd323ac4277391b17319ace8bcacaaffbf55d68e6e4a8dee8a1059e
/etc/apparmor.d/github-desktop,f722eb99e4e3e946eb42901c23233abb9f21887ef23c2765f7e052cb7f1a556c
/etc/apparmor.d/goldendict,040b36200d6c7c709cc1c38bf9c50e40e4b7139da9fd03da6bec4dc39f136045
/etc/apparmor.d/ipa_verify,02de3f31456c774adca8814a6d2ae56fc63536b63d33f9aea44a458f9c8fd50a
/etc/apparmor.d/kchmviewer,850442c69f31a766b4ee94c30720043366cd28fb117aea7e8a249cc9f21e6104
/etc/apparmor.d/keybase,091156df85ca5024d705c609ab326d672c1d0af62466a566d08459cd9a0d37cd
/etc/apparmor.d/lc-compliance,8af339f6050cc3f13e0efabf9c39a2a8404e1cf420df4e5b7198eb29239aed44
/etc/apparmor.d/libcamerify,97705b64faa9abd08edc63a3e575785fd5d6bd33bbe421d3c65b391937172009
/etc/apparmor.d/linux-sandbox,a027ab58875225bfef6f2a6b2f53fc54d0da44aa93ea73f6461cf63811f4d282
/etc/apparmor.d/local/README,bf3041d485aca3e397ccd54718ed9e71c566c269f457d37d9ed869eb6dbd9fe9
/etc/apparmor.d/local/lsb_release,e3b0c44298fc1c149afbf4c8996fb92427ae41e4649b934ca495991b7852b855
/etc/apparmor.d/local/nvidia_modprobe,e3b0c44298fc1c149afbf4c8996fb92427ae41e4649b934ca495991b7852b855
/etc/apparmor.d/local/usr.bin.tcpdump,e3b0c44298fc1c149afbf4c8996fb92427ae41e4649b934ca495991b7852b855
/etc/apparmor.d/local/usr.sbin.chronyd,e3b0c44298fc1c149afbf4c8996fb92427ae41e4649b934ca495991b7852b855
/etc/apparmor.d/loupe,0aba75c07b9ce7f38d3d0db1570bc4181e973bb5ba0f242312cbc36ee121e430
/etc/apparmor.d/lsb_release,c9d3d976dfb914adbc0cd5f59b51595a8af85f6d67f2c21da1f1f0dd050f1399
/etc/apparmor.d/lxc-attach,e8a544ba49a860e8d106fad43c8853ca1a91280cbbb39039515c4b7b72aab25d
/etc/apparmor.d/lxc-create,e90732fe95486d6e91cb7c22db0037834c1625ee6e0ee8b8d5d344a78ea447c6
/etc/apparmor.d/lxc-destroy,f6ce1d91654234237e546dde5141c350aa3360d34e718ca613d9256bc7fd3a70
/etc/apparmor.d/lxc-execute,4358cd33b26a832a3ea94b47914e808856d2e47ed70b6351dc6f88012001da3c
/etc/apparmor.d/lxc-stop,52c958393c4999012ad2eb239f4663546c510a2391208b2ffdc0ba48973dd442
/etc/apparmor.d/lxc-unshare,6a98ca452ede57fd1b3ebbf35e72a3c40fb3c4a05a8db4cc731978293d3dbc01
/etc/apparmor.d/lxc-usernsexec,5c9a1f2992fcf5ec5ee7c94a0f82e7b3f37a5c1539be9384c690b78eef3c7a33
/etc/apparmor.d/mmdebstrap,c0a1830c313e8947018e11a4941b341ce860346901493d1a401a247fef442495
/etc/apparmor.d/msedge,682f4b6e0d7c039353a0b657365bbf07640d3332f5c77141cd14e8c504f0afa6
/etc/apparmor.d/nautilus,617ea2552c349e79534a7b915d017bb4dbf0026cdf363bd2a84be546a6159425
/etc/apparmor.d/notepadqq,52a6240f8fb97e340f5d39bc36489b9dc9e76ed120d17b50e43943ac297462a9
/etc/apparmor.d/nvidia_modprobe,4bd445a0badf46490d43f27b668dc50f8d2ceecca81f44268ed9154eb9bfde57
/etc/apparmor.d/obsidian,ad8d4cf6c68e91513626510218a5daa8c5ce8052b65b21655bcc4a68444b3a87
/etc/apparmor.d/opam,03b0c182f5f807ddbe2366e86fbcd1c2ac3637bb83d3b65794c84f0421f392ac
/etc/apparmor.d/opera,ba6abbc9b513824dea76e0281df09037fb258911929a914583d4f246c19d59d1
/etc/apparmor.d/pageedit,345329f8dcb5ef4fceb567b6ca8a80f0c25ddbf51946fc9f58866599805a8157
/etc/apparmor.d/plasmashell,bb61edca830d04387b1be7d8b7dee626e076d4bf491fd22b7b9ba6691fb54d9d
/etc/apparmor.d/polypane,90aab2e3c43467a8065b3247eb63346b5652b680e577251119e7934154372188
/etc/apparmor.d/privacybrowser,a0fc38ed4ee37c5603d7cdc92fa399d74905241191f43c411e0ee7a8c57c2b1a
/etc/apparmor.d/qcam,a10e3dfea00b93c7fdd1070a71e722dccb94ed1dd94c25bea68a84a569ebba6e
/etc/apparmor.d/qmapshack,a5f3fb1014272dbefcc0c1a67f34a424712cd769583b473bf1c23ce29678fc5b
/etc/apparmor.d/qutebrowser,99d109fa5108bdefe1b7c5fa561517009d2be63696dacd20670017df344160da
/etc/apparmor.d/rootlesskit,a6a1a760d88312275d64f195e6b2f51627e8cabfdf4e355262c86f0578c66d80
/etc/apparmor.d/rpm,2d0cdba24fa2badd2a110f79cd27125feaad942ddbcd942bf5da30a8c4ec7d86
/etc/apparmor.d/rssguard,12b67ae2077a7d4535bfcb9bf9f440437deabd39720366311c8f230414755d65
/etc/apparmor.d/runc,e18b46bfb0a353aa07ff44bce79afd026be607fa0885dc9900ff1fa94709d9a2
/etc/apparmor.d/sbuild,8d5a2ca3494713d120688d9b18e41ca2eead8c53dd90de8390200ef9cdd496f1
/etc/apparmor.d/sbuild-abort,3b3d9e06d2e29608ad310a3d85de1866f14fabfd4f2a6341b4d8b5315492533d
/etc/apparmor.d/sbuild-adduser,04fba89e59060536738a3403683111c4c22befc1f2ecd66ba8ff9ac7a5d06a01
/etc/apparmor.d/sbuild-apt,8ee2a6ca55f1b2caf834d86ddb830c6b748a4b3a087d526166c67b090f6ef4ec
/etc/apparmor.d/sbuild-checkpackages,cb72986c68ec283cd8c236356041a2ea0f084697fb052c91bc9de50988553266
/etc/apparmor.d/sbuild-clean,638468d527844da5a372a31b6e78cf229bb33e65463b79770381aa50b878100b
/etc/apparmor.d/sbuild-createchroot,5608ff35ea9a2e5f1912eff177692d8f212c56278e11186cc2d915c54529a08d
/etc/apparmor.d/sbuild-destroychroot,f277b36678b13f51640103f7dc4f72ff9cb33e2075f05e78aa1700f6996c8800
/etc/apparmor.d/sbuild-distupgrade,48f05c902288bd1738dca1ad6bff0cce181a75dea7f0782d3c14e9e947e50b3c
/etc/apparmor.d/sbuild-hold,2725a170fdb50e1605485b51e3bdb74d0ec9fb06e71ccc73f5d9f0b9b54d93ca
/etc/apparmor.d/sbuild-shell,2fa027310a499a8f2e990905a037d7a4330be752f1b72b29042e06959d6dacd5
/etc/apparmor.d/sbuild-unhold,8fa44b639d2e5db6e137e5b230e9042a1c48662d44b142946a25ce3691efaca3
/etc/apparmor.d/sbuild-update,1115c50f85d7c286c8de4237f01321596324f69cc7f12c84bae8b3b6b75e26d6
/etc/apparmor.d/sbuild-upgrade,07cbb043ab8fb7fdd871d64e8802a673ec152c8fb3e548c0bb1ffc6f51be34bd
/etc/apparmor.d/scide,b2e3a0c59a4e9e7d04d8ab33e0d2f727ffe7c9f5eb69c88f8ce5b5f92cabb994
/etc/apparmor.d/signal-desktop,e2d77b1e71b88d42aaef3f204914c21f381b3cb0fafc8db46b9426d69dbc43a6
/etc/apparmor.d/slack,1f0ffd6666bcc926642900b51c886870465172c5c8aba986bb6d460cfe9267e4
/etc/apparmor.d/slirp4netns,f8c52eb461fd6de61ff431d42b228da831f69fdf5d40c627198ebc7376da0f59
/etc/apparmor.d/steam,68b43391cecdfaddda046d8764861b63a040e9571b6082f7682e57f567b53e02
/etc/apparmor.d/stress-ng,19f03df37d84aca6bbf5385f088ca4b3b13cae5df554182a154c19318b852496
/etc/apparmor.d/surfshark,4cbf0c07ef947beaf8c00ad46c6d647b7ac020502c29793533125f077e1cf154
/etc/apparmor.d/systemd-coredump,fed4dc3a7d882483142b93fd00950c18ad8725a25e98b9f1e179587d9482188e
/etc/apparmor.d/toybox,55607e6fb8723c033ff06ce3570502c418422403bb298ab2fb7b69d3d666644e
/etc/apparmor.d/transmission,b7c093771a041c0e4c1f0048f035eb03855cfd5281de97e9605c76e8176d8b5c
/etc/apparmor.d/trinity,1f0ad641d3d0e3fb5732ee939ea80ad8d41ce8706325b8f5cf4bc31a0ed7a14e
/etc/apparmor.d/tunables/alias,e7b8b278db3f7aca74e0176f22cbd3adc3c89212cc9e66a90a2787b3ceee8030
/etc/apparmor.d/tunables/apparmorfs,63d35ffdb55dfeeb3cabb83e378c2c6856ef8a31ebf512b0a3e039634ab0ead8
/etc/apparmor.d/tunables/dovecot,7a7c87c1ccf7b47071ff3866de46aadeee8029f487b740577d3e646d647b3abb
/etc/apparmor.d/tunables/etc,4211a2db7a81c3edea6a657f8eacdae4322235c1d766ac95a592cb6f1b43f7ee
/etc/apparmor.d/tunables/global,2c1d72013b53bf103fb8abe2199ce5775f8493df1acd3ef497046156c09fdf7c
/etc/apparmor.d/tunables/home,806a4e80696e3870d46d1ae99ac7fe7099680b39040c2183094a44671d83218e
/etc/apparmor.d/tunables/home.d/site.local,f6f9d209f8015196f2e391ea02debcebecbf8022ececfee3a08e3973c3bb06d4
/etc/apparmor.d/tunables/home.d/ubuntu,e1b3a24d2ffdcf2b02f8726941f3c6c32dee3c9222553959a335147494d74a2d
/etc/apparmor.d/tunables/kernelvars,a2fa754e93a435722ea4b8b03e2bdf52bf4c029c66397b773f5e4321d6f66ea5
/etc/apparmor.d/tunables/multiarch,0d35e0680f4dd9085a1c64911be21e95a65d12db045bde4b4ecae22915ce53ff
/etc/apparmor.d/tunables/multiarch.d/site.local,731ad52936633b9a0c738605a2a08aad2357df91ca8fbe3bd2c3427d7aac240b
/etc/apparmor.d/tunables/proc,d6a8ac6910ecdde3930916dcb44d7b3d3bf1cfe5a8f54728f1f599e32a26ece7
/etc/apparmor.d/tunables/run,cbe2d9c99a82124d6206bfdd377895fa3dec48ee255923d2c31b71be53ab9bdd
/etc/apparmor.d/tunables/securityfs,da256009660ae672e734642bc40422df6d7166bd5c01579729a0c6fac340e47c
/etc/apparmor.d/tunables/share,5389ddceeb78d2012f528037e5c8205535f145c906cf6266ba400d9bafea26b7
/etc/apparmor.d/tunables/sys,386ef113b736b14319fa1aad4f0b09f367147121072dd1ad354e528a16a588c5
/etc/apparmor.d/tunables/system,85d816f78ac16a1c53f24b9f6e4e7e70eaf9405c2ca25f7c3d6f8826de17e696
/etc/apparmor.d/tunables/xdg-user-dirs,1d92b108e04a4067333224c4dbfd19df8ca0f0deef7a28b153995e22fe8cedb7
/etc/apparmor.d/tunables/xdg-user-dirs.d/site.local,d9705b1ab368e32f4cce94f2242c6947b8624985b9c6de2ab4ee01b398dc4703
/etc/apparmor.d/tup,37e36dce9ef62f26b1d20f3de4699ddf358b8fe123d161d360b7a9fddb9374b0
/etc/apparmor.d/tuxedo-control-center,9b833587e43f5fd3d8747c0ae4522829a2c799557c8071a484922d9710e5037f
/etc/apparmor.d/unix-chkpwd,d91a8b302370e235dd380d99979e0ec98ac78c91d8114dfbcea3f58a72bd554e
/etc/apparmor.d/unprivileged_userns,d91a8b15522c41bf65d39f86e77e9329a06a03e8fcf596f9869532eec642d496
/etc/apparmor.d/userbindmount,e861ac2308074f291759fa0848fb9eb05e48e5482f6bfdae4d767c30cba44432
/etc/apparmor.d/usr.bin.tcpdump,727f00754eb8530bbe56fdb825214f16cd98cd413459269013d825b7353844d0
/etc/apparmor.d/usr.sbin.chronyd,f533cba4fbf8d571e8a13079fb6f08e8db583d503d6e88587d6e2dda0ffc2d9a
/etc/apparmor.d/uwsgi-core,af6dec105f0f35e67d46fe2d70dc29229d8bc08876d933cbee62dcff3271dfd8
/etc/apparmor.d/vdens,24a8b9ea5915d5de7f61469c441dc0ed442ede904952cce67e40f4c730e50516
/etc/apparmor.d/virtiofsd,377cfb227babd5b010a06df8b28971ae3ffb4a3770c6a12ba62a2b1ad34eb86b
/etc/apparmor.d/vivaldi-bin,0849b46d03bbed9989c3c214530b377a0a6b97f86ad70a773ce5dc58c3d0dbab
/etc/apparmor.d/vpnns,f41dfa6d9e8d3b200d7c262a87524bbbc5f980829d3fb864cd7b82ae1642e461
/etc/apparmor.d/wike,bd982ac79f7a9e9f4a2d4db60e541204ee6cb2943653e64bec5a66ea4f688208
/etc/apparmor.d/wpcom,59b795822094c6721eb95883cb9dfe2cdc2babaa34483a4541dc24113d1c181a
/etc/apparmor/parser.conf,3c0758ba0cc989474ec04dcc63d80db3de7e390861bc7218937073da6a34d3b5
/etc/apt/apt.conf.d/00CDMountPoint,2b5103e63bc34fbd385bf60446b1d8a2b9273addc6861b26cbb7ea73c78a19ff
/etc/apt/apt.conf.d/00trustcdrom,f781403c0ecdd4dcb70682adcc7360cb92fc5d6ca7df6b3799a6d951a1c43b21
/etc/apt/apt.conf.d/01autoremove,35b4360d9126e5e5efc1ce42cea8a957ba42921de749ad8502922d536c9f385c
/etc/apt/apt.conf.d/70debconf,db749e19baf3b72ca2c157c70c52522cae23d94bc8b2dc5793fd43d427445367
/etc/apt/sources.list,91a9d0f84b1470f0483f9020545eee455369130d5a94ae803e09a09ffd9f004a
/etc/apt/sources.list~,e3b0c44298fc1c149afbf4c8996fb92427ae41e4649b934ca495991b7852b855
/etc/apt/trusted.gpg.d/debian-archive-bookworm-automatic.asc,c2a9a16fde95e037bafd0fa6b7e31f41b4ff1e85851de5558f19a2a2f0e955e2
/etc/apt/trusted.gpg.d/debian-archive-bookworm-security-automatic.asc,74f81645b4e3156d1e9a88c8dd9259271b89c7099d64af89a2a6996b592faa1f
/etc/apt/trusted.gpg.d/debian-archive-bookworm-stable.asc,521e9f6a9f9b92ee8d5ce74345e8cfd04028dae9db6f571259d584b293549824
/etc/apt/trusted.gpg.d/debian-archive-bullseye-automatic.asc,0b7dc94b880f0b63e2093394b113cafd870badb86e020a35614f49b9d83beb1e
/etc/apt/trusted.gpg.d/debian-archive-bullseye-security-automatic.asc,716e79393c724d14ecba8be46e99ecbe1b689f67ceff3cb3cab28f6e69e8b8b8
/etc/apt/trusted.gpg.d/debian-archive-bullseye-stable.asc,fb260ce8521a2faa4937d98a29a5347807e10614b97d510fbabe5480c803bda9
/etc/apt/trusted.gpg.d/debian-archive-trixie-automatic.asc,6f1d277429dd7ffedcc6f8688a7ad9a458859b1139ffa026d1eeaadcbffb0da7
/etc/apt/trusted.gpg.d/debian-archive-trixie-security-automatic.asc,844c07d242db37f283afab9d5531270a0550841e90f9f1a9c3bd599722b808b7
/etc/apt/trusted.gpg.d/debian-archive-trixie-stable.asc,4d097bb93f83d731f475c5b92a0c2fcf108cfce1d4932792fca72d00b48d198b
/etc/bash.bashrc,ccbe82649c573d2d5fadcd04d4fb7fe93d5d9bc473a6aa2e3e6a5ea57e6d385c
/etc/bash_completion,8decc28095dd6363ed1cf1cc7ef046b04064daf96d3d0a8fbcf5af234dcfefe6
/etc/bash_completion.d/000_bash_completion_compat.bash,ffe73ddfefc93936eae2a8aac8a3f749da8ed160485717393a272e84f9c754e2
/etc/bash_completion.d/git-prompt,4e3291fa48f43adebb522c3c91f49c3120d927525994a34052bee83fb15b55f9
/etc/bindresvport.blacklist,63229551ffc257f56e3df60ca97e1f2963f3ab2128ce27a0f398b4418fa454d0
/etc/ca-certificates.conf,2a0f1263f0fd7c9c1e9609680c804e0672da044a04817e84274a9a03e3fe343d
/etc/chrony/chrony.conf,1dff2e92346ede25086271dd12ad69c1a05916f9e0ebdcabceb392f0d30432e9
/etc/chrony/conf.d/README,1995c2b2228cb9f5001fc8d2fbca22ff0f085d16414842beb56affa234214df2
/etc/chrony/sources.d/README,2efd23129d454d3b0b52ab1465e24343f75a512f520927299b5618abc59ad25e
/etc/console-setup/cached_Lat15-Fixed16.psf.gz,b8eab32dede52fb7dbc8be6995b41d5d5b058ea03053b2a26d0019a413087e49
/etc/console-setup/cached_UTF-8_del.kmap.gz,916b4203c5f2a000896c8269e1a0836ec1d4ea07a3d0aa113b157256f93b0d48
/etc/console-setup/cached_setup_font.sh,9336de5de3aa7ebaddb5dc1a55789e3c9211d12c0b70bb085d739377ff851b0f
/etc/console-setup/cached_setup_keyboard.sh,874bf484f844ad1003255481c36b04bfba66051ed021b4c859c79beb3c232ea2
/etc/console-setup/cached_setup_terminal.sh,944a6ff2b756619aa977ccadb27c7d32384c3a38a3126575dddc1bd054879991
/etc/console-setup/compose.ARMSCII-8.inc,f78182950223d905cecfd84356d123219e866c3a31a95b5719fef1ec9ce9d809
/etc/console-setup/compose.CP1251.inc,42ab31b8338919796bf0b2a938bc581fafd64015e5c5e324f8d3c5c38a107b7d
/etc/console-setup/compose.CP1255.inc,4c65dccb50e8281aacf4ea832569f1603f39f1b1e4bf0f409b2bcc0d8d97acaf
/etc/console-setup/compose.CP1256.inc,64bc21141387b0c3308ccbe4f5778d172a1d8aa3c43694a123b36deed889f4b3
/etc/console-setup/compose.GEORGIAN-ACADEMY.inc,2a517abae14a10547afa528b631ad7d4798bee411395efc18ade8821fd269b32
/etc/console-setup/compose.GEORGIAN-PS.inc,c742b1ea8cfb918df5df4c66d501daf74aa6c6e621b4ad3d97531287918991ff
/etc/console-setup/compose.IBM1133.inc,0fd7366d11159b297a7e8c43b34788cb6cafc64e5da84ed35362fef79b15ae6b
/etc/console-setup/compose.ISIRI-3342.inc,d1728f272270eaab3a27c17648fb1f3f908daa97894d9ac78f3ec813276bcebc
/etc/console-setup/compose.ISO-8859-1.inc,6284eac65196d9d03866bc4b45b9afdd39897e32053532d93742944a54adab65
/etc/console-setup/compose.ISO-8859-10.inc,60cf43af477cbb887619280742fe4dd8fa0eb74be8bad5bab5bd108da32500ec
/etc/console-setup/compose.ISO-8859-11.inc,f84f3b448c45f5db93d721b9c37fcc80271c5ff593b85b9e9037dc236e70b128
/etc/console-setup/compose.ISO-8859-13.inc,c8566c27de02724339c7e88cae11f2097b9708b258e39fbf9ba9771158d06e32
/etc/console-setup/compose.ISO-8859-14.inc,23169584b1195e6c9c7d6853271613fd3b9ec043de6854157e965b9a3c44dc45
/etc/console-setup/compose.ISO-8859-15.inc,3a6560d1ec98b7acf3e16a6bef7856f39294672f850b327eabb0d1f7357ae061
/etc/console-setup/compose.ISO-8859-16.inc,2cbf60fe7ed90bbc2af8e2b66236721154b07b456b15a520ef0ac19b512deb49
/etc/console-setup/compose.ISO-8859-2.inc,a6fbc36aefe5bc5532bdb0a01645db518e1e55a86bbd38ce2eb8fdd3753fd1e2
/etc/console-setup/compose.ISO-8859-3.inc,51969dcbfe85ef2d928108085db90f156c911d15d8334886615c7dd1c1802990
/etc/console-setup/compose.ISO-8859-4.inc,04cb738efaed544a066daf28f06ec97b09ae6f70a80ba9cd4a50ed18c0409c75
/etc/console-setup/compose.ISO-8859-5.inc,fe5b53f9050884bd5acab7a0ff1b4681d3b5307bd141c5060e76c2f469d93f1f
/etc/console-setup/compose.ISO-8859-6.inc,ac89daa4eceb946ea7a9dc789d376d0094fc2ddd0daad14ea494688f89af3614
/etc/console-setup/compose.ISO-8859-7.inc,287607226f530e574d52a16f6eafba9905e60c0c2ce5500a918ff53c14b6cdff
/etc/console-setup/compose.ISO-8859-8.inc,c34be26de9d32e8c46d9f406eabfe2db6d938b47576ef7da8c96b31137e4130f
/etc/console-setup/compose.ISO-8859-9.inc,40f11a39b191cd5ff727668f5d65e13d4bf2e0238d59c01eb2dc1662170f2b64
/etc/console-setup/compose.KOI8-R.inc,d4cce8d00cd50a25be800e8bb3f91ae59ff89a01e64ac4f7192f1c6ca3a758a1
/etc/console-setup/compose.KOI8-U.inc,0888cc10e8e4066fbf69f306a878c0856bc89e4dd8811c1e9979714ac2a3313f
/etc/console-setup/compose.TIS-620.inc,f6e3db45b563426cdbf5cadaed5b8b292d715b0c2362a80fa2f54e3ce6a1714e
/etc/console-setup/compose.VISCII.inc,068daae03bcd6d589c3f35257499a1baf1fdcaf39d6604794b537c6b3e956918
/etc/console-setup/remap.inc,b75c5424776d689df37efcb2e22e0657b8fdaa59684888bb14da887b9676bc36
/etc/cron.d/.placeholder,49674d9b1bd433cdb58f30497f6c441dc823de549160eef5c1acec4c20786810
/etc/cron.d/e2scrub_all,ec90578ad9633826c39b2e2e95b236d31b53d9fe85e97a3b30a85e52a8aa95af
/etc/cron.daily/.placeholder,49674d9b1bd433cdb58f30497f6c441dc823de549160eef5c1acec4c20786810
/etc/cron.daily/apt-compat,1983c659b042b1ec26127e7874954d83cd97eb8dcfd03238a7d2031ea0182fbe
/etc/cron.daily/dpkg,9f2fdd4b4e7706dda74e8e443e1e1da0fbbb19c62a58e230e90d648b69177c35
/etc/cron.daily/logrotate,12b36ff7068d3932f428e6eba07cbc9b9b2f7f7d37756d86ce13ddfcc6cd875f
/etc/cron.hourly/.placeholder,49674d9b1bd433cdb58f30497f6c441dc823de549160eef5c1acec4c20786810
/etc/cron.monthly/.placeholder,49674d9b1bd433cdb58f30497f6c441dc823de549160eef5c1acec4c20786810
/etc/cron.weekly/.placeholder,49674d9b1bd433cdb58f30497f6c441dc823de549160eef5c1acec4c20786810
/etc/cron.yearly/.placeholder,49674d9b1bd433cdb58f30497f6c441dc823de549160eef5c1acec4c20786810
/etc/crontab,e25eb0e3303ea63ac7452139be788efa86d89a11005288e7150c0ac193d7e1f6
/etc/debconf.conf,0d0e7109df366b0e963add08e218d62afb516218deeb3b5aa9259b821efb569c
/etc/debian_version,0e0936b6bda722af8314d4c385779deab398a7c5004437680860c36e4b659bfc
/etc/default/chrony,18ee5f68b94e62dd69016cf24bec271c177218e69456be367b48490398a9fc34
/etc/default/console-setup,f3a3598651fde7cc2d5b5734c214743ca9580aad7d261a8bddae264e04af7085
/etc/default/cron,b87c80139e47ecd361dae32bfcae5f233ffe6d4a906345a8073348a681469879
/etc/default/dbus,9c337c884269a0723768ee373966dbc74ea65bf7315017a886042781e23500a2
/etc/default/grub,c66d2a33a22dcce1d39759640f9d0832b40bf505c0970babf926db852ea0bb0d
/etc/default/intel-microcode,72ae73b1c9a114d554bcd9f8eec13e7f40761b5ca18f6c3d29e4e23eebe966c9
/etc/default/keyboard,9d2d64b5b738ef55ecc80e236cd00caba19d3afe1921c74fa7d73c9477ebe6eb
/etc/default/networking,501ecff8663613257ea966ec0882e022fe66e75b35bc41e30da5a53d82ebdb1e
/etc/default/nss,836614e9d4d501d0af43087c9c9300365a38d53f24f845efcf0b2ad8194cbaa0
/etc/default/ssh,8ec4e7be86cf6d98c8b280ef6d71e6d97a635813bb06bf5ac5cdc756e98ef379
/etc/default/useradd,6702e1cb0d7035a0d7a2beeded69f69acd8ac2b2778913b5afe60595936448f5
/etc/deluser.conf,348c114422e9e28c8b24775cf39e785d02600445c0ac1c38fe7976c377fba6e5
/etc/dhcp/dhclient-exit-hooks.d/chrony,10a431a883fad716e73efff8414a80d29a6a672b8145bc795d3fa88789a10e24
/etc/dhcp/dhclient-exit-hooks.d/timesyncd,b057a7c5e38d77f4e18f7c3abd54036d16addc2ee5c125096d80b0f41c318218
/etc/dhcpcd.conf,dfb64a3df977836d63a49add08efbf71dce06be36fa324ffddd01246ab8febfc
/etc/dnsmasq.conf,864896fe1cccc21643cbb665968206ebe1998f8879c42dfbdc14719e5a5116a8
/etc/dpkg/dpkg.cfg,fead43b89af3ea5691c48f32d7fe1ba0f7ab229fb5d230f612d76fe8e6f5a015
/etc/dpkg/origins/debian,bd81f9756beb90195877d808492a55d66c7155b1017679ced60fb278d378b55a
/etc/dpkg/shlibs.default,52c64ebce4e9ac48a97d8c682510d0603e83671d7862fa5db079904addb653cb
/etc/dpkg/shlibs.override,f58f8dfe0a81ed9d3fb304158da178cac6829670d43bde20db60b449792280bc
/etc/e2scrub.conf,461e21f3dc1a5f9f3fe7c4e425c93de09fe11e77f5be67b719c81c5b2202ce53
/etc/environment,e3b0c44298fc1c149afbf4c8996fb92427ae41e4649b934ca495991b7852b855
/etc/ethertypes,51f4f288e018d52debf36f4956c1f8e3e87aebf5d33aaba233a97d401fd42ded
/etc/fstab,01e0d43968e5d5eaaf7b79ab626ac00e5959e40d42844adde653df738e79b10c
/etc/gai.conf,76a5771adee7b9f36c7ae66eae78d72f325557500269107f2d98a7e3560a1808
/etc/gprofng.rc,00cc4a4c556f88d6ae1f620781e2e16c62f8402132267e6cd64836d557525291
/etc/group,95e32bfa79936e7dc161e65360e15d53481acb277aeafa022db0ae2e6e81e500
/etc/group-,95605eff76d394d47f9b80b30ca409f609552e1f84a84b04fffae65bd788ba5f
/etc/grub.d/00_header,a38c74e6b33fecc1c7cb3497204f7838ee8312eb58dd3a4b0ab11f394dd124a3
/etc/grub.d/05_debian_theme,a3b68466edb11cf5e8298751214eae1e7699daa207e2a514369a071ed1caa9d9
/etc/grub.d/10_linux,92955722e0e7544ad9dd1d2a022c83c6ea42aa2f0330a29970ea3755b5c53c25
/etc/grub.d/20_linux_xen,ec87f1fffabc6d913f5f659439d195419dbccf71f9dcf569988e5ab8ba35ca68
/etc/grub.d/25_bli,42e04f5bac1965535cb6bdb30c62bb199b1ba21d1ec6b22d0da159dfc925b8bb
/etc/grub.d/30_os-prober,735a1995a02d08caa73735556014c69b90ffba28bb41ceae19d77555438023cd
/etc/grub.d/30_uefi-firmware,09b6f70999eb043f858a7eccac1f70bd1bddf00cdde4d6e67c417756f63ad389
/etc/grub.d/40_custom,894dd8e4ca1bb62e055f674f9390a39c4643ebdd1014702feef000c47e36a003
/etc/grub.d/41_custom,44b8dc291dc04537f5d9a8fec7f6ebb209fbfa3101d5b1085230ace35b7f6c31
/etc/grub.d/README,cd72738c7dfd3b205e4e91528c0d25169bb3e8e6ebeec11c916662d8d0c3e47c
/etc/host.conf,380f5fe21d755923b44203b58ca3c8b9681c485d152bd5d7e3914f67d821d32a
/etc/hostname,7ef16db4f2dbe388bc4959408e2fed054c03324676eeb250497facc7673a8b88
/etc/hosts,a0bce1e276c3a095dd662f011a6a174124bc0d89eece2bc5e681839e449aaa1a
/etc/hosts.allow,9eadbcd7ec16f4e5961ad2035c0228de7c22b2ba0f6761df63b1b3d9bad9d0a7
/etc/hosts.deny,1d0a326106184ef6c389d685e061ba7737de6f7f60c600ec66b19682c53c08d1
/etc/init.d/apparmor,b7ad0ff20b49c0e14c71710a7ec032658bd745eadd30633ae45bca46b38df59c
/etc/init.d/chrony,d5a9fd963d26da9fc49dddb4a80c3dc71dd9122a8e148fa4ad6b2cd6979342a3
/etc/init.d/console-setup.sh,a645c5e6bda16f0d5e20ed5949389fe4a28beff876bdea1154f222d253893226
/etc/init.d/cron,662b774b0b4303dd4069238f5cd8de7dea3263df9ccbfd35b5015c7946eba614
/etc/init.d/dbus,b57e37d15a1f9cffc56ac1912fc3e12e5824eee971ee50562c0f978caaf3a27a
/etc/init.d/keyboard-setup.sh,3eda91015fded8c4302625f7a724ef8e8a07983bb04c43c1ab009ac1beba8281
/etc/init.d/networking,94110176853ff753c8c500efe0b3d582da29639987478750e41c223c9d29cb50
/etc/init.d/procps,82ceae8662bf1ce590db859943aa6150b1747ae1229dd680df858ef93f156083
/etc/init.d/ssh,aa7a68603ff32afc694615fea4fc2781487acd88971dfd750d0f39b8c5cc1295
/etc/init.d/sudo,a08b1b2f45b82ac2bbe2ca1c4c740910d45e120a0f968f39a518c5109f79968b
/etc/initramfs-tools/conf.d/resume,372e15d3dd0d008a274a11f7653040007d5b6729c7d1a1fc0180df55d2da27ef
/etc/initramfs-tools/initramfs.conf,fc29caea4dbdbfd8891d3f7a64f136ba1a0c427fece0993063cb46846a105bdf
/etc/initramfs-tools/modules,66fd46e4c248ec53d9ae0efaf68c591ae810a4c23f77a07a90cb134323652680
/etc/initramfs-tools/update-initramfs.conf,966f6e56249b8e50f9421cf5c5573eaae96cce2d9589e2e7f53c0bef00ee8054
/etc/inputrc,efd629d8b3569cf2bdeac6586ffde95e6e277df85142753dc3a1629c657b87b1
/etc/issue,3ba7bf07910930e9e943e6131ece3f3182f1d3be607a0a4cbf21ce665e5c43a2
/etc/issue.net,b4cb3e2b1f5988029f7f48824d4d5d530319bee894a0f9380d414a3b42e5499f
/etc/kernel-img.conf,b700a2f42728a69a2ac8107a1ee0401d7267a8ee8a36385d40c5bb2d5d933c4b
/etc/kernel/postinst.d/initramfs-tools,0cd8ede9b3c3897fed1423391b907b43583f3d852d8f17853226688fc2931fba
/etc/kernel/postinst.d/zz-update-grub,e35c9b73e608042a6a30ef3e9a053d61257cb0ed113a979d3e880e6618345e19
/etc/kernel/postrm.d/initramfs-tools,5aef93ee15289f82eed181cacd7a88a7672395d7b3c61d24d5f4f114608efd91
/etc/kernel/postrm.d/zz-update-grub,e35c9b73e608042a6a30ef3e9a053d61257cb0ed113a979d3e880e6618345e19
/etc/kernel/preinst.d/intel-microcode,8123c45801093fd16052922464c691a19406ecefa380a173008d6af158dac036
/etc/ld.so.cache,509126b335d8d81c70f65f80bb3751815df0cd9a8bb649a16f19c833f8793848
/etc/ld.so.conf,d4b198c463418b493208485def26a6f4c57279467b9dfa491b70433cedb602e8
/etc/ld.so.conf.d/fakeroot-x86_64-linux-gnu.conf,af7edc777dd224bade078ba540538444db69856533c02e18a7f9fbbdd23bd181
/etc/ld.so.conf.d/libc.conf,90d4c7e43e7661cd116010eb9f50ad5817e43162df344bd1ad10898851b15d41
/etc/ld.so.conf.d/x86_64-linux-gnu.conf,f03e4740e6922b4f4a1181cd696b52f62f9f10d003740a8940f7121795c59c98
/etc/ldap/ldap.conf,ab6e6cc0dad4427497b607e42c7815e35691a5a42afa312ddb49996601a6ab80
/etc/libaudit.conf,d48318c90620fde96cb6a8e6eb1eb64663b21200f9d1d053f9e3b4fce24a2543
/etc/locale.alias,ad5655f508141f8117ddc10a080e183e2ed4ee1fd0a80c8ec7bedf98159b9d8b
/etc/locale.conf,985ce108620642a6dc24457afd8461e0db171485b4846f1bb7971849dff99ec3
/etc/locale.gen,94fd7eead5f18d242518f38020813021dfb2112821d64b09050b32675e7ed670
/etc/login.defs,fbb7c9b77f020799f40dad0c6ec27f6b441120447ded71202b7cf79a6d634077
/etc/logrotate.conf,8a74c451bb9ff87930efae11de9307993d118d1444e0501657fac07714a56bce
/etc/logrotate.d/alternatives,edd383958ce315a642cdfa6aa3fbe2779aa5c674b305fe910449b90cee594c58
/etc/logrotate.d/apt,fcc2510172fd914ca22762c4b2dc43d36152e65becf8e84abec59f7652da5e3f
/etc/logrotate.d/btmp,7f64bae051c1727236f9dabe11526f1d1aad26aa53c1d0b8425efee746f5fbe8
/etc/logrotate.d/chrony,aee9a5b8addf07ad4a0241cd19ccf06062d884014580a37889f737250e731045
/etc/logrotate.d/dpkg,e4103352545278e47a88b2ca2f2d3681ca474d400d8057ba6ac4f18d71c32042
/etc/logrotate.d/wtmp,81eec3d3e01e4263ffc6aab6aeee74f3b260f1df4c692525312608f7a60db048
/etc/logrotate.d/wtmpdb,032c1bdf84cb429f95516428800da76084af717ccb09197ff5e87c149e41f7f4
/etc/lvm/lvm.conf,65dce66212e925f1336752768b0717c0deb61abc2e30f2212a7790abe58d1991
/etc/lvm/lvmlocal.conf,0d19c6aad3747f8fc73295b083c5f3b30d3803ad46819ef57ac76d37076141a5
/etc/lvm/profile/cache-mq.profile,d3f840a4d985f67b4d7c98c5ce0639cb775eb93c1810cc17c947c3d924def19a
/etc/lvm/profile/cache-smq.profile,e0a300ab3b467c229fe46552ca1e6d3d41eaf198c1d143ff418af27af65af798
/etc/lvm/profile/command_profile_template.profile,0e9a8757ceab5b853841b022598b0b26c075aadfbc7e8bb9ba6b5ac696944256
/etc/lvm/profile/lvmdbusd.profile,3305ee7b92b0cc05e97147cd653719532686036d83d0631100147bec52fe8ba0
/etc/lvm/profile/metadata_profile_template.profile,122570662c0cd25c346fffd790278051d5519e5100a879dc92b05e452cba601a
/etc/lvm/profile/thin-generic.profile,72ce438bf8c5413099187edd317761df1e64b444f76eb6a28df89a0160308fac
/etc/lvm/profile/thin-performance.profile,bac3bfcde4b7036dd9b2fe31506f12005871552791fccfdb3b94d3b5156ad2b9
/etc/lvm/profile/vdo-small.profile,2ff8d830e9bc64d546594868d3c9fbcedbafddc647fd287d890ea2b68462942c
/etc/machine-id,519dca933f1ff39cc2d8e41b57fd767553a304f3c2aabe550a34f576be4ff192
/etc/magic,58219ec4bfe06d84640b4e86341feb3099cb078146c9eee73ec55152819df247
/etc/magic.mime,58219ec4bfe06d84640b4e86341feb3099cb078146c9eee73ec55152819df247
/etc/mime.types,db27e73f7ffc7779ef8196bc36bba4e11142f09c7c210e1e42d221d28cb90901
/etc/mke2fs.conf,c998d64f9b58c2235186f8ee75ba602d1fdb2991d94695fd687ab0e8096b6727
/etc/modprobe.d/intel-microcode-blacklist.conf,f17b12aa7a202bb4f0ed09cbb45561417986fded2cfcf861364f84c8f3d42fb8
/etc/modules,c0d37c5c430cb5c978a4ea00e42ddc4551b04f76352d149d6be5d5b65346df65
/etc/motd,a378977155fb42bb006496321cbe31f74cbda803c3f6ca590f30e76d1afad921
/etc/nanorc,5b061df1bd9c518f734e13b4e29db558bf7451a81ef87b00f16fe36104ae800b
/etc/netconfig,86ee43cde79ed4afdbcc697d74fe80cb3d9b261feab550f45beeedfba7ff9fbd
/etc/network/if-down.d/resolved,33cb66794f91cc0ae4b92908419bf2795af7fad7d47fc760f4dc33e42da22a5c
/etc/network/if-post-down.d/chrony,2ca1d6dae4360670d6916a6bd1eba8f41c8c622e11f6ebbfa4e5833e17d4d436
/etc/network/if-up.d/chrony,2ca1d6dae4360670d6916a6bd1eba8f41c8c622e11f6ebbfa4e5833e17d4d436
/etc/network/if-up.d/resolved,e1673a93a5a60ea2b6e5774f62edf7baa6940b43c5e10018eb2f9b96ec6fdf00
/etc/network/interfaces,83c4476a7e21956db55c38be39536a2842cd5416f7c2ecd1a7a213d0943d4503
/etc/networks,5d4e51c4918360ab63023f13fb30d59640555e9c2c8cd110f389343980a40f04
/etc/nftables.conf,e0200a43947b01f742a956cf4ebbb28b99e538f06fb3d6f9e25410d192450fbf
/etc/nsswitch.conf,b953df1d0016f515fc052ca6bb0ccd092b8d13c8789c51c4eaef2b0461574e57
/etc/pam.conf,8aa7f3472ec88a24a572d6ffd9748ce3da223fba3b2545098eaaae768b6408c4
/etc/pam.d/chfn,d66a095a330d7e20d0bbb56a4cb28a4b1bfc92e8a5a5e9bfc3d0a51c5e3d7170
/etc/pam.d/chpasswd,f3f96229e82bf41a7fd3ec12e697b3465235d96bb1e44c39ba91157425a36082
/etc/pam.d/chsh,0101e7e589ce40435c5a8709888225400a78ab6be86dfc5fef86ee23ba5338ad
/etc/pam.d/common-account,aa8a63d72e79399b6c51ebe4e9f828c954145a799eb4b8f3224724f51cbb9fac
/etc/pam.d/common-auth,b787b01c7e71c658fa9acb84cbe153f71786cf380af4b01ae9135210cdc0154d
/etc/pam.d/common-password,a76bcfdcb12436297ccf72a0d63daed8d9761d8e92996eb08295b81be32567d7
/etc/pam.d/common-session,66aae9a343e225975f775a3e93d2e0005164fd3be76c245de5c3683719923bd3
/etc/pam.d/common-session-noninteractive,5c624c6f8a8c9b1c75e487f339bbb67d02622736c133e26b39cf72600c39399b
/etc/pam.d/cron,50a7062347b76fe4a429065547f2b53ffe49ac7d896f6b238010a3ee90446a84
/etc/pam.d/login,71b58114fcdc0e037b9700a92f14638a4a24f8480f23b03cc26740511fdd56dc
/etc/pam.d/newusers,26e75ce7c9066801b8db380ff9d8ba58a5e8cf2de5fb38ffd1db5ba62c85acef
/etc/pam.d/other,d13078e71d3351ef7f63a7265ddb50b710a2598b9febc78810fbb0130a02695a
/etc/pam.d/passwd,87696fad1046d6b33b6d3407bb419980987331b4dcd8905f7a6041bced90c51d
/etc/pam.d/runuser,2d430cb6628248953568010427d663f3305856f3cb055955c2239bea226c5280
/etc/pam.d/runuser-l,be9329a8b26e3cfd4af879fe60900f646f8188f3fbe491688f23d4d8b491c5b1
/etc/pam.d/sshd,d72d52e69884891a1ab0a8f377e3d6ee3d74065e08b8537a30235306c0d50e23
/etc/pam.d/su,fda16622dc6198eae5d6ae522bb820b7b68dbf2e73899295c4cac9744f7c7904
/etc/pam.d/su-l,4d10241676e97e5e8d8935e5c8e8f6cb2f871afb881059715f155909be9ebd77
/etc/pam.d/sudo,5355ef86ec2f1103fbb9db4f441ec15abdc31383d85774b77849b1fb3bed302e
/etc/pam.d/sudo-i,46a50463de89ae075fbcfced2efc1a4c56d45d4cb3d47ea02fbb599eaa2e5392
/etc/passwd,6b907677ee2d3ed5475455f46e80822a2a10278715699fc957346c09c74daf90
/etc/passwd-,bb73c33970fd40e7341865cdcb005288b50d4b7494533793daea3672ea8afa91
/etc/perl/Net/libnet.cfg,6179f0c7112f52be4e05571528a5bbfd534e3a6832b4a3fe48c5b62232a02436
/etc/ppp/ip-down.d/chrony,6c7746840902632c8df8c0fbd1f0b3e83ba658bef4f7884c2e41754a7485b3c7
/etc/ppp/ip-up.d/chrony,311ad7ff7a12f380a46d3ad63db0e13caf6f9ede30988373608bfc20df8c5fce
/etc/profile,8fec28102e0c371e6f2ecb949b95c1ba802260766b18c2445882b082418428b9
/etc/profile.d/bash_completion.sh,f6b5063c8437ad9adb5d2c9c75095f80b00e1b3110f44efe82ee44b2905ce82e
/etc/protocols,4959498abbadaa1e50894a266f8d0d94500101cfe5b5f09dcad82e9d5bdfab46
/etc/python3.13/sitecustomize.py,43d81125d92376b1a69d53a71126a041cc9a18d8080e92dea0a2ae23be138b1e
/etc/python3/debian_config,baac6583459b290d3714e18439036d023402dce99f922d1b414fbd15a5b01744
/etc/python_integrity_test.txt,4753fd46e64ec255161b8bc521689e73a4e76ce0b54994a83946f85ddd1f7149
/etc/reportbug.conf,1b61cae6ce96ac6e429b2f77ef759fd031a66c4673dff134be83614404a6177b
/etc/resolv.conf,4bc27e108c4a805210a74a82d86affd0af66408901ebd44bcd0c16fb758a893f
/etc/rpc,21947aae2ea47a87606a95250a973e4a19414bab928c88765d2972d5a49d310e
/etc/security/access.conf,1e143ba21c3a41e8ec55b862907cdb42f330c46c8562d1f421a4ad9a94fcd525
/etc/security/faillock.conf,5c8c902912f0bb59f86b86517f2127ea0c57c5d05b17c4aa62f5bc06c7043c78
/etc/security/group.conf,41df4bc646811997d0390c6d37d839d2aef4a9a1a940c44ee1a798a9dc1ac864
/etc/security/limits.conf,0adf64deecea56e9ed5c2229db357900218b10b76f7e69830c9d209347896206
/etc/security/limits.d/10-coredump-debian.conf,f4ac5b01865241e90f26cfb4e483b04ff80eb231d3b9fe8ad7057b498dd8f58e
/etc/security/namespace.conf,112bebee710ae491e8f86caf7f81598a2ef732dea6c0789d5b8c06bef5caea5f
/etc/security/namespace.init,772e5773586a236034156ac660f8d234bf50f4cebf5811b15b55b890b83cef64
/etc/security/pam_env.conf,7038e2676178dcda6a9bdd6b8948af8206af56f5291cb2cda7f563a9904c15bd
/etc/security/pwhistory.conf,6fa9916addc229208b1a4834cf3223560c6cb211cfe75473d512b2fdb042b431
/etc/security/sepermit.conf,fa4136d7fc7ebd9eccd36d290456158b1956993e0e33d248ebabb460f96f4611
/etc/security/time.conf,6802adfc8efc6168f87e98e960fa7d15e516a295fef7a6472ef5359527e886ff
/etc/selinux/semanage.conf,920e2adfc551a81617764f0f07ae25919b53f48556bf83e82fb909bc96d73921
/etc/services,20c48954659cf753baa383ecde0e6f026fadc06c2c9fbe29d88d928188c3ec17
/etc/shells,7c3c5b8e005446bad0b8f5ba8a121a9a0501c8dc417510871a0097d2ca329755
/etc/skel/.bash_logout,26882b79471c25f945c970f8233d8ce29d54e9d5eedcd2884f88affa84a18f56
/etc/skel/.bashrc,afae8986f549c6403410e029f9cce7983311512d04b1f02af02e4ce0af0dd2bf
/etc/skel/.profile,28b4a453b68dde64f814e94bab14ee651f4f162e15dd9920490aa1d49f05d2a4
/etc/ssh/moduli,8f452be240a123105f3265d10bac8407679aa3c613a2937a1d5a3969f7ec36d8
/etc/ssh/ssh_config,2a6f95f82ff24c74627826953f3414ff856231235ca387c1bf60d08fa81ac77e
/etc/ssh/ssh_host_ecdsa_key.pub,1048bb3c101e6f4feb2d5fe3879f50e09af630ace2a5b9c4ab36d1aa1ababb0a
/etc/ssh/ssh_host_ed25519_key.pub,181e181a7db77588baa0fc76f07dc64bab63acf8391bcb6e4a025ff7b4e8d03f
/etc/ssh/ssh_host_rsa_key.pub,262d5b1ba8fef169c3101688909ad50f541bc0f1ce0673234252dc8d7cc2a88d
/etc/ssh/sshd_config,f1805313ad346bdb80dff4a560a080edfca9a998f620b64da2a1aba6bcf6782e
/etc/ssl/certs/ca-certificates.crt,84f5af5dfad2b5f47039a35a560e2ddf5a7fa713ac35bc0d6b45dd008cd46d51
/etc/ssl/openssl.cnf,a65a2cb9f4ee8ffdc7ef4f0ac600c0bdafb95b7b1ab457188ac610a62f5ad6b3
/etc/subgid,b03d428302a6a7feaee470332aa65ccf6c0599d3b62db3312edde3072f484e78
/etc/subgid-,e3b0c44298fc1c149afbf4c8996fb92427ae41e4649b934ca495991b7852b855
/etc/subuid,b03d428302a6a7feaee470332aa65ccf6c0599d3b62db3312edde3072f484e78
/etc/subuid-,e3b0c44298fc1c149afbf4c8996fb92427ae41e4649b934ca495991b7852b855
/etc/sudo.conf,3bffe8fa77b41fbc82f14b998f7884809401fcdff255ab71ea91cdb4b6a7d17c
/etc/sudo_logsrvd.conf,4826edf5a95781d40cdaccb5ef88340896a6911cd121cced4003abec7fabb09c
/etc/supercat/spcrc-crontab,115dd38f2070b3036198b85cb8e7e8bf6dfc914bdd3276adea4fa17d5ab5b5c3
/etc/supercat/spcrc-crontab-light,b7f63ec3d315fbc8bad5858f85a87d253bd93ebcfe336c5cf12babbd860ec6c4
/etc/sv/ssh/.meta/installed,e3b0c44298fc1c149afbf4c8996fb92427ae41e4649b934ca495991b7852b855
/etc/sv/ssh/finish,acf3ed5788b88953e2cfe210d4ff0bcd85446048989fc6c3d4b7e3159ade1991
/etc/sv/ssh/log/run,d274b428e3a19b18a0c981e4627ad9a6580c6a2fb6de2ce244def0c89c9063f9
/etc/sv/ssh/run,72d6a6d712635d15a5eb42dafbadb738be6122b9f7333beafeabf288c983fbb2
/etc/sysctl.d/99-ipforward.conf,e2c2ac17097616ee184af9965776f83ad87dcf9e82ada5c8a3ea0f8371813fe8
/etc/sysctl.d/README.sysctl,d7662ac62d03b4e7f0064078cadaafe19e8629d553ef4dfc9b0f8c4baf38151c
/etc/systemd/journald.conf,b7ab521d85bbd289adc37788c469c6ac6a2021dd056a1eada02107bbe891c650
/etc/systemd/logind.conf,a0f5aec31f2d016804a15e53bb603bd0fa68a4b5cb19deaa65a2cf6cb3466bca
/etc/systemd/network/10-internal.network,c9682d68742add347f53a7e09ab98f6dd228f9c29bcfe7c07c3ac8cec77f4e0d
/etc/systemd/networkd.conf,729816de462cddb6484094ec3a30434f709c74d4dc7f70b85db9f2d2780a2a68
/etc/systemd/pstore.conf,a7ed0c51fc52756f534aa79bbd025b854d8c9b07096ab4b07c97023bf4509225
/etc/systemd/sleep.conf,bc861767b30e8fd9ef3895dfaec8501e0246a23da7ed1ec8c8abde48a0468bb6
/etc/systemd/system.conf,510de8d5eb1851cebfba06c57c13cc13d038a90723b8bccfdf5824de0309e8fd
/etc/systemd/system/dnsmasq.service,960d895aaf0f634a0502b24010cbc29f324aabbe911d05169c38b179eae91f46
/etc/systemd/timesyncd.conf,1464bbb20e0552ef729508d396571314d6e27a7992fdbfd286ad7512accca45a
/etc/systemd/user.conf,09216865c5568968c52bc38b15e5741e84e29ea44c931ecafc6961ecc3033afa
/etc/terminfo/README,cfc3399b782bb0ecb14b9727dbd5ffd82ef774d473f6c47c39e621f8f4850603
/etc/ucf.conf,4b75ee31c65968fe97fa41898adc69f744c11e945de30c954ed073375b7787ae
/etc/udev/iocost.conf,39f985861cb49e86be2434029800eca9be9b9704f0ddb6d67465a3e037587c41
/etc/udev/udev.conf,72bcc7dc13cdacc3ec82832c653e1fc5ae0ca37ead4e3785550f0ce2a6558f45
/etc/ufw/applications.d/openssh-server,f363c320cecc0474122f81e1563ea28f9e7ebc5913ac049de4d6e01f8e9917d0
/etc/update-motd.d/10-uname,1dca09550a75048731bbd17f17e027cc71ae50a86e0d911a8b3813e88d9b5ab6
/etc/vim/vimrc,e9f77d045f6f10e2599d9db08d7582c5bd0a60b8f310240feb35324548a05d1d
/etc/vim/vimrc.tiny,9365efd8c2e196f62d52e53dc94b043d7a930fede088b88fc5d5724e9108514e
/etc/wgetrc,8bf4e3aaf0298b3f94a1048eafd7b7eb6e3a065edb0edff10adcc165620d7a8c
/etc/xattr.conf,0fc794a9826011c88b118c5ff4e30dfcbebd73518e64b0cda7aaec3ad7e578bd
